id,title,body_len,T3_rank,T3_S_scale,T3_S_score
20045812,সিঁড়িই মৃত্যুকূপ,1855,1.0,1.0,100.0
20192017,"

কোনো ভবন নিরাপদ কি না বোঝা যাবে যে ১০টি বিষয় দেখে
",1834,2.0,0.9883333333333333,98.83333333333333
20191672,"

বাংলাদেশে কি জনপ্রিয় হয়ে উঠছে অডিওবুক?
",1502,3.0,0.8038888888888889,80.38888888888889
20191920,"

১০ সপ্তাহের ভুলের খেসারত আমাকে সারাজীবন দিতে হবে- অধ্যাপক ইউনূস
",1489,4.0,0.7966666666666666,79.66666666666666
20190952,"

বেইলি রোডে আগুনে ৪৬ লাশ
",1399,5.0,0.7466666666666667,74.66666666666667
20045816,মামা আমাকে বাঁচাও,1196,6.0,0.6338888888888888,63.388888888888886
20191195,"

গ্রিন কোজি কটেজ : রাজধানীতে আরেক মৃত্যুপুরী
",1086,7.0,0.5727777777777778,57.277777777777786
20191159,"

ভারত-চীন-মার্কিন চক্করে বাংলাদেশ
",1070,8.0,0.5638888888888889,56.388888888888886
20190510,"

ভারত-চীন-মার্কিন চক্করে বাংলাদেশ
",1069,9.0,0.5633333333333334,56.333333333333336
20191165,"

পাকিস্তানের নির্বাচন: কারচুপি ও অনুশোচনা
",1055,10.0,0.5555555555555556,55.55555555555556
20190527,"

পাকিস্তানের নির্বাচন: কারচুপি ও অনুশোচনা
",1053,11.0,0.5544444444444444,55.44444444444444
20188994,"

দাওয়াত হোক ইসলামের দিকে
",995,12.0,0.5222222222222223,52.22222222222223
20189031,"

আলেম তৈরিতে মাদরাসা শিক্ষকদের সচেষ্টতা
",991,13.0,0.52,52.0
20046964,বেইলি রোডে ভবনে ফায়ার এক্সিট না থাকায় ক্ষোভ প্রধানমন্ত্রীর,991,13.0,0.52,52.0
20191448,"

বিদ্যুতের দাম বাড়ায় মাসে বাড়তি কত টাকা গুণতে হবে?
",963,15.0,0.5044444444444445,50.44444444444445
20191576,"

গাজায় ত্রাণ নিতে আসা শতাধিক ফিলিস্তিনিকে হত্যা : ইসরাইলের দাবি কতটুকু সত্য
",950,16.0,0.49722222222222223,49.72222222222222
20045815,সপরিবারে যাওয়ার কথা ছিল ইতালি...,942,17.0,0.49277777777777776,49.27777777777778
20191794,"

বিদেশে হাজার হাজার কোটি টাকার সম্পদ : যা বললেন সাবেক ভূমিমন্ত্রী সাইফুজ্জামান
",917,18.0,0.47888888888888886,47.888888888888886
20191784,"

‘বর্তমান শিক্ষা ব্যবস্থা সংস্কার না হলে নতুন প্রজন্ম দিল্লির গোলাম হবে’
",896,19.0,0.4672222222222222,46.72222222222222
20191762,"

ত্রয়োদশ আন্তঃস্কুল বাংলা অলিম্পিয়াডে পুরস্কৃত দেড় শতাধিক শিক্ষার্থী
",844,20.0,0.43833333333333335,43.833333333333336
20191308,"

মিয়ানমার-বাংলাদেশ সীমান্তে পাহারা হচ্ছে কিভাবে
",828,21.0,0.42944444444444446,42.94444444444444
20190979,"
বাজার দর 
রোজার আগেই বেড়েছে মুদি পণ্য-মাছ গোশতের দাম
",785,22.0,0.40555555555555556,40.55555555555556
20046968,স্বামী-স্ত্রীর শিশু অপহরণ চক্রের অভিনব কৌশল,724,23.0,0.37166666666666665,37.166666666666664
20045813,‘লাশের’ কাছে খোলা চিঠি,706,24.0,0.3616666666666667,36.16666666666667
20045819,বাংলাদেশ ক্রিকেটের উন্নতির অন্তরায় ‘উইকেট’,704,25.0,0.3605555555555556,36.05555555555556
20045814,বেইলি রোডে ভয়াল রাত,698,26.0,0.3572222222222222,35.72222222222222
20191224,"

লোকসভা নির্বাচনের জন্য বিজেপি যেভাবে প্রার্থী বাছাই করছে
",694,27.0,0.355,35.5
20190826,"
রাজশাহী বার নির্বাচন 
আওয়ামীপন্থীদের চাপে প্রধান নির্বাচন কমিশনারের পদত্যাগ : ফল স্থগিত
",693,28.0,0.35444444444444445,35.44444444444444
20191839,"

মমতার রাজ্যে জিততে চান মোদি
",650,29.0,0.33055555555555555,33.05555555555556
20191884,"

আগুনের ঝুঁকিতে ঢাকার ৫৫ ভাগ ভবন
",638,30.0,0.3238888888888889,32.388888888888886
20191928,"

নারায়ণগঞ্জে ১৫ ঘণ্টায় সড়ক দুর্ঘটনা নিহত ৪
",604,31.0,0.305,30.5
20190637,"

স্বপ্নপূরণে বরিশালের দরকার ১৫৫
",597,32.0,0.3011111111111111,30.11111111111111
20190916,"

গাজায় ত্রাণ নিতে আসা মানুষের ওপর ইসরাইলের হামলায় বিশ্বজুড়ে নিন্দা
",587,33.0,0.29555555555555557,29.555555555555557
20191069,"

পলাশ-শিমুলে রাঙা প্রকৃতি
",576,34.0,0.28944444444444445,28.944444444444446
20190505,"
দৃষ্টিপাত 
সুন্দর আজান শুনতে চাই
",575,35.0,0.28888888888888886,28.888888888888886
20188986,"

 মোহর : নারীর প্রাপ্য অধিকার
",573,36.0,0.2877777777777778,28.77777777777778
20191233,"

গবাদিপশু পালনে স্বপ্ন দেখছেন দাগনভুঞার খামারি মিস্টার
",569,37.0,0.28555555555555556,28.555555555555557
20045839,মেয়ের জন্মদিনে মৃত্যুকূপ থেকে ফেরা,559,38.0,0.28,28.000000000000004
20191067,"

 বইমেলার শেষ দিন আজ
",557,39.0,0.2788888888888889,27.88888888888889
20191887,"

বিএডিসির সেচ কার্যক্রম পরিদর্শন করল আইইবি
",550,40.0,0.275,27.500000000000004
20190525,"

মোবাইল ওয়ার্ল্ড কংগ্রেসে নতুন প্রযুক্তির চমক
",549,41.0,0.27444444444444444,27.444444444444443
20045808,দুই সদস্য ছাড়া সব পদেই আওয়ামী লীগ সমর্থকদের জয়,546,42.0,0.2727777777777778,27.27777777777778
20190908,"

 দল পুনর্গঠনের আনুষ্ঠানিক প্রক্রিয়া শুরু করেছে বিএনপি
পর্যায়ক্রমে পুনর্বিন্যাস করা হবে ঢাকা মহানগর যুবদল স্বেচ্ছাসেবক দল শ্রমিকদলসহ সব অঙ্গসংগঠন
",538,43.0,0.2683333333333333,26.833333333333332
20045842,"ছাত্রদলের নতুন কমিটি, নেতৃত্বে রাকিব-নাসির",524,44.0,0.26055555555555554,26.055555555555554
20191059,"
হতাহতদের ফ্রি অ্যাম্বুলেন্স সেবা 
বেইলি রোডে অগ্নিকাণ্ডের ঘটনাস্থল পরিদর্শনে জামায়াতের ভারপ্রাপ্ত আমির 
",523,45.0,0.26,26.0
20190769,"
বরেন্দ্র গভীর নলকূপ 
দ্বিগুণ দামে পানি কিনতে বাধ্য হচ্ছেন কৃষকরা
",509,46.0,0.25222222222222224,25.222222222222225
20046955,"কুমিল্লা সাংবাদিক ফোরাম, ঢাকা’র নতুন কমিটি গঠন",499,47.0,0.24666666666666667,24.666666666666668
20190993,"
মূলধন ১২৯১.২৬ কোটি টাকা উধাও 
অস্থিরতায় পুঁজিবাজারে বিক্রির চাপ ৪২ শতাংশ
",497,48.0,0.24555555555555555,24.555555555555557
20191996,"

প্রীতির জোড়া গোলে ফাইনালের পথে বাংলাদেশ
",492,49.0,0.2427777777777778,24.27777777777778
20047105,মানসম্মত প্রাথমিক শিক্ষা নিশ্চিতের আহবান সাংসদ শামীমের,486,50.0,0.23944444444444443,23.944444444444443
20191019,"

পাকিস্তানের নতুন সরকারকে স্বীকৃতি না দিতে বাইডেনকে চিঠি
",479,51.0,0.23555555555555555,23.555555555555554
20190876,"

সেই দুঃখের রাত ফিরে এলো পুলিশ কর্মকর্তা নাসিরের জীবনে
",474,52.0,0.23277777777777778,23.27777777777778
20190968,"

দ্রব্যমূল্য বৃদ্ধির সাথে আ’লীগের কর্তাব্যক্তিরা জড়িত : কর্নেল অলি
",474,52.0,0.23277777777777778,23.27777777777778
20191419,"

‘বিদ্যুতের দাম বৃদ্ধির মতো গণবিরোধী সিদ্ধান্ত অবিলম্বে প্রত্যাহার করতে হবে’
",471,54.0,0.2311111111111111,23.11111111111111
20045843,‘বাবা-মায়ের দায়িত্ব নেয়া হলো না নয়নের’,462,55.0,0.22611111111111112,22.61111111111111
20190870,"

  ফায়ার এক্সিট না থাকায় ক্ষুব্ধ প্রধানমন্ত্রী
",460,56.0,0.225,22.5
20191684,"

এখনো জ্বলছে সীমান্তের ওপারের রাখাইনের গ্রাম
",452,57.0,0.22055555555555556,22.055555555555557
20046954,অনুকরণীয় কীর্তির সাক্ষর রেখে চার নারী পেলেন রাঁধুনী কীর্তিমতী সম্মাননা ২০২৩,451,58.0,0.22,22.0
20047160,হৃদরোগ মোকাবিলায় প্রাথমিক স্বাস্থ্যসেবা শক্তিশালী করতে হবে,449,59.0,0.21888888888888888,21.88888888888889
20047102,দেশে বছরে আড়াই লাখ মানুষ হৃদরোগে মারা যায়,449,59.0,0.21888888888888888,21.88888888888889
20192039,"

যেকোনো পরিস্থিতি মোকাবেলায় সশস্ত্র বাহিনীকে সক্ষম করে তোলা হচ্ছে : প্রধানমন্ত্রী
",449,59.0,0.21888888888888888,21.88888888888889
20188917,"

ক্যাসেট প্লেয়ারে আগ্রহ জাপানি তরুণদের
",442,62.0,0.215,21.5
20045874,মৌলভীবাজার হোটেল শ্রমিক ইউনিয়নের স্মারকলিপি,435,63.0,0.2111111111111111,21.11111111111111
20191137,"
মালয়েশিয়ায় আর যাওয়া হলো না রিয়ার 
জন্মদিনেই মৃত্যু ভিকারুননিসার শিক্ষার্থী আলিশার
",434,64.0,0.21055555555555555,21.055555555555554
20191666,"

কাজ না পেয়ে ক্ষুধা আর চিকিৎসার অভাবে মারা গেলেন মালয়েশিয়া প্রবাসী
",431,65.0,0.2088888888888889,20.88888888888889
20190567,"

করতোয়াসহ পঞ্চগড়ের সব নদীতে চলছে বোরো আবাদ
পানির অভাবে জনজীবনে দুর্ভোগ
",424,66.0,0.205,20.5
20045885,আইপিএল-এ দল পাওয়া ছেলেকে নিয়ে বড় স্বপ্ন নিরাপত্তাকর্মী বাবার,420,67.0,0.20277777777777778,20.27777777777778
20044938,ইউরোপে আশ্রয় চেয়ে আবেদন ৪০ হাজারের বেশি বাংলাদেশির,420,67.0,0.20277777777777778,20.27777777777778
20192082,"

ইতিহাসের ৩০ ফেব্রুয়ারি
",418,69.0,0.20166666666666666,20.166666666666664
20045802,বিশ্বে এখন ১ বিলিয়নেরও বেশি স্থূল মানুষ রয়েছে,418,69.0,0.20166666666666666,20.166666666666664
20192432,"
রেস্তোরাঁয় অগ্নিকাণ্ড বহু প্রাণহানি 
সতর্কতা হিসেবে গ্রহণ করুন
",414,71.0,0.19944444444444445,19.944444444444446
20191368,"

বেইলি রোডে আগুন, মা-মেয়েসহ কুমিল্লার ৬ জন নিহত
",414,71.0,0.19944444444444445,19.944444444444446
20045823,বিপিএল ফাইনালে রমরমা কালোবাজারি,413,73.0,0.1988888888888889,19.88888888888889
20190947,"

স্বজনদের গগনবিদারী কান্নায় ভারী ঢাকা মেডিক্যালের বাতাস
",411,74.0,0.19777777777777777,19.77777777777778
20191859,"

জিএসটি ভর্তি পরীক্ষার জন্য জমা পড়েছে তিন লাখ আবেদন
",410,75.0,0.19722222222222222,19.72222222222222
20191002,"

সরকার অজানা আতঙ্কের মধ্যে আছে : গণসংহতি আন্দোলন
",410,75.0,0.19722222222222222,19.72222222222222
20190607,"

  ভাইয়ের সাথে জাতীয় দলে খেলাই স্বপ্ন
",409,77.0,0.19666666666666666,19.666666666666664
20191634,"

ঢাকায় জাকাত মেলা-২০২৪ শুরু
",409,77.0,0.19666666666666666,19.666666666666664
20045892,রাজনীতিতে অক্ষয় কুমার ও কঙ্গনা রানাউত,408,79.0,0.19611111111111112,19.611111111111114
20191014,"

বন্দরে গৃহবধূকে কুপিয়ে হত্যা, স্বামীকে গুরুতর জখম
",408,79.0,0.19611111111111112,19.611111111111114
20045859,খবর বলা অভিশ্রুতির মৃত্যুর খবরে হতভম্ব সবাই,408,79.0,0.19611111111111112,19.611111111111114
20191264,"

যুক্তরাষ্ট্রের প্রেসিডেন্ট নির্বাচনে রিপাবলিকান দলের নিকি হ্যালি ও ট্রাম্পের অবস্থান
",404,82.0,0.1938888888888889,19.38888888888889
20190531,"

ক্রিপ্টোকারেন্সি বিনিয়োগের ফাঁদে ঘটছে সাইবার অপরাধ : সফোস
",404,82.0,0.1938888888888889,19.38888888888889
20190866,"

 পরিদর্শন আর নোটিশেই সীমাবদ্ধ দায়িত্বশীল প্রতিষ্ঠানগুলোর কাজ
",404,82.0,0.1938888888888889,19.38888888888889
20191428,"

ত্রাণবাহী গাড়ি বহরের কাছে ইসরাইলি হামলার তদন্তের আহ্বান বিশ্ব নেতাদের
",403,85.0,0.19333333333333333,19.333333333333332
20045829,ভোক্তা ঋণের সুদহার ছাড়ালো ১৪ শতাংশ,399,86.0,0.19111111111111112,19.11111111111111
20188921,"
ত্রাণপ্রত্যাশী ফিলিস্তিনিদের ওপর হামলা 
নজিরবিহীন ইসরাইলি বর্বরতা 
",395,87.0,0.18888888888888888,18.88888888888889
20045804,নিহত স্বামী-স্ত্রী ও শিশু সন্তানের মরদেহ শনাক্ত,388,88.0,0.185,18.5
20045878,গ্রিনের মহাকাব্যিক ইনিংসের পর বোলারদের দাপটে চালকের আসনে অস্ট্রেলিয়া,387,89.0,0.18444444444444444,18.444444444444443
20046961,"নবীগঞ্জে সংঘর্ষের ঘটনায় পুলিশের মামলা আসামি ২ শতাধিক, গ্রেপ্তার ১৪",387,89.0,0.18444444444444444,18.444444444444443
20192426,"

ইরানে পার্লামেন্ট নির্বাচনে ভোট গ্রহণ
",383,91.0,0.18222222222222223,18.22222222222222
20045817,বিএনপি নেতারা তাদের বিদেশি প্রভুদের দ্বারে দ্বারে ঘুরে বেড়াচ্ছেন: ওবায়দুল কাদের,383,91.0,0.18222222222222223,18.22222222222222
20045833,দীর্ঘ কোভিড থেকে মুক্তি পাওয়ার পর মস্তিষ্কে দেখা দিচ্ছে ‘ব্রেন ফগ’,380,93.0,0.18055555555555555,18.055555555555554
20045796,"২০২২ সালের গণবিক্ষোভের পর ইরানে অনুষ্ঠিত হলো দ্বাদশ সংসদ নির্বাচন, ভোট পড়লো নামমাত্র",377,94.0,0.17888888888888888,17.888888888888886
20191179,"

উপাত্ত নিরাপত্তা : চীনা হুমকি প্রতিরোধে বাইডেনের নির্বাহী আদেশ
",375,95.0,0.17777777777777778,17.77777777777778
20047162,কুয়াকাটা সৈকতে বিচ হাফ ম্যারাথন,372,96.0,0.1761111111111111,17.61111111111111
20045890,ঢাকায় দুই দিনব্যাপী জাকাত ফেয়ার শুরু,372,96.0,0.1761111111111111,17.61111111111111
20190922,"

 বিদ্যুতের দাম বৃদ্ধিতে সাধারণ গ্রাহকের ওপর চাপ পড়বে না : ওবায়দুল কাদের
",372,96.0,0.1761111111111111,17.61111111111111
20190616,"

ক্লাব কাপ হকির ফাইনাল আজ
",364,99.0,0.17166666666666666,17.166666666666668
20045790,"এলেন, খেলেন, বিস্ফোরক রেখে চলে গেলেন!",362,100.0,0.17055555555555554,17.055555555555554
20045893,মাস্তুল ফাউন্ডেশন আয়োজন করছে যাকাত কনফারেন্স,360,101.0,0.16944444444444445,16.944444444444446
20191205,"

ডায়াবেটিসের অচেনা ৭ লক্ষণ
",360,101.0,0.16944444444444445,16.944444444444446
20045862,বাবা-মা’কে নিয়ে কনভোকেশনে যেতে চেয়েছিলেন তুষার,359,103.0,0.1688888888888889,16.88888888888889
20045864,হাতিয়েছেন কোটি কোটি টাকা,358,104.0,0.16833333333333333,16.833333333333332
20191494,"

বেইলি রোড অগ্নিকাণ্ড : বোনের বিয়ের অনুষ্ঠানে থাকা হলো না পটুয়াখালীর জুয়েলের
",353,105.0,0.16555555555555557,16.555555555555557
20190756,"

মহাস্থানগড়ের ঐতিহ্যবাহি খাবার কটকটি
",353,105.0,0.16555555555555557,16.555555555555557
20045818,অগ্নিকাণ্ডে হতাহতের ঘটনা ‘কাঠামোগত হত্যাকাণ্ড’: গণতন্ত্র মঞ্চ,352,107.0,0.165,16.5
20191981,"

শ্রমিক আন্দোলনে সৎ ও দক্ষ নেতৃত্ব অপরিহার্য : শামসুল ইসলাম
",350,108.0,0.1638888888888889,16.38888888888889
20191876,"

অফশোর ব্যাংকিং বিল সংসদে উত্থাপন, একদিনের মধ্যে পর্যালোচনা প্রতিবেদন জমার নির্দেশ
",350,108.0,0.1638888888888889,16.38888888888889
20188974,"

 ঐক্য সরকার গঠন নিয়ে মস্কোতে হামাস-ফাত্তাহ বৈঠক
",350,108.0,0.1638888888888889,16.38888888888889
20045832,অগ্নিকাণ্ডের ঘটনায় তদন্ত কমিশন গঠনের আহ্বান জামায়াতের,350,108.0,0.1638888888888889,16.38888888888889
20191027,"
বেইলি রোডের আগুনে মৃত্যু 
অভিশ্রুতির পরিচয় নিয়ে ধূম্রজাল
",348,112.0,0.16277777777777777,16.27777777777778
20192076,"

এটিএম আজহারুল ইসলামের সহধর্মিনী শামসুন্নাহার ইসলামের জানাযা সম্পন্ন
",342,113.0,0.15944444444444444,15.944444444444445
20046963,ঝালমুড়ি বিক্রিতে বৃদ্ধ রশিদের জীবিকা,341,114.0,0.15888888888888889,15.88888888888889
20045895,"৫০ মিনিটের জন্য হৃদস্পন্দন বন্ধ, সাক্ষাৎ মৃত্যুর মুখ থেকে ফিরে এলেন ব্যক্তি",336,115.0,0.15611111111111112,15.611111111111112
20044942,বিদ্যুৎসহ দ্রব্যমূল্য বৃদ্ধির প্রতিবাদে এবি পার্টির বিক্ষোভ,335,116.0,0.15555555555555556,15.555555555555555
20046960,"জগন্নাথপুরে শেষ হয়নি বাঁধের কাজ, দুশ্চিন্তায় কৃষক",335,116.0,0.15555555555555556,15.555555555555555
20191250,"

‘অবস্থাদৃষ্টে মনে হচ্ছে সরকার জ্বালানি খাত থেকেই সব লোকসানের ঝাল মেটাতে চাচ্ছে’
",329,118.0,0.15222222222222223,15.222222222222223
20191123,"
বেইলি রোডে আগুন 
কাচ্চি ভাইয়ের ম্যানেজার ও চুমুকের দুই মালিক আটক
",327,119.0,0.1511111111111111,15.11111111111111
20191751,"

গফরগাঁওয়ে বুদ্ধি প্রতিবন্ধী ধর্ষণের পর অন্তঃসত্ত্বা, মামলা তুলে নেয়ার হুমকি
",325,120.0,0.15,15.0
20191656,"

বকেয়া বেতনের দাবিতে গার্মেন্টস শ্রমিকদের সড়ক অবরোধ ও বিক্ষোভ
",324,121.0,0.14944444444444444,14.944444444444443
20191054,"

  ইসলামী বিশ^বিদ্যালয় কর্তৃপক্ষের ভুলের দায় শিক্ষার্থীদের কাঁধে
",323,122.0,0.14888888888888888,14.888888888888888
20045861,নারায়ণগঞ্জে শান্তর বাড়িতে শোকের মাতম,321,123.0,0.14777777777777779,14.777777777777779
20044933,নতুন রাজনৈতিক দলের ঘোষণা দিলেন শাহেদা ওবায়েদ,319,124.0,0.14666666666666667,14.666666666666666
20191194,"

যুক্তরাষ্ট্র-মেক্সিকো সীমান্তে পৃথকভাবে গেলেন বাইডেন ও ট্রাম্প
",317,125.0,0.14555555555555555,14.555555555555555
20191375,"

এককভাবে ২০৩৪ ফুটবল বিশ্বকাপ আয়োজন করতে চায় : সৌদি আরব
",315,126.0,0.14444444444444443,14.444444444444443
20191351,"

বেইলি রোড ট্র্যাজেড : বাঁচার আকুতিতে মামাকে রকির শেষ ‘কল’
",310,127.0,0.14166666666666666,14.166666666666666
20045882,নতুন কোচের খোঁজ এখনো শুরু করেনি বার্সেলোনা,309,128.0,0.1411111111111111,14.11111111111111
20045889,অগ্নিনিরাপত্তা নিশ্চিতে একসঙ্গে কাজ করার আহ্বান এফবিসিসিআইয়ের,306,129.0,0.13944444444444445,13.944444444444445
20190894,"

বরিশালের প্রথম বিপিএল শিরোপা
",304,130.0,0.13833333333333334,13.833333333333334
20044939,"বিএনপির আন্দোলন শেষ হয়নি, সূচনা হয়েছে: আমীর খসরু",304,130.0,0.13833333333333334,13.833333333333334
20045840,গজারিয়ায় খাওয়ার টাকা চাওয়ায় মেস পরিচালিকাকে হত্যা,303,132.0,0.13777777777777778,13.777777777777779
20191694,"

ঢাকা বার আইনজীবী ফোরামের ভোটের ফলাফল বাতিলের দাবি নীল প্যানেলের
",300,133.0,0.1361111111111111,13.61111111111111
20045810,বিদ্যুতের মূল্যবৃদ্ধির প্রতিবাদে রাজধানীতে জামায়াতের বিক্ষোভ,297,134.0,0.13444444444444445,13.444444444444445
20192088,"

স্ত্রী-সন্তানদের নিয়ে ইতালি যেতে পারলেন না মোবারক
",297,134.0,0.13444444444444445,13.444444444444445
20045866,বিদেশ যাওয়া হলো না নিরাপত্তাকর্মী সাগরের,297,134.0,0.13444444444444445,13.444444444444445
20045824,বধির বিশ্বকাপে অংশগ্রহণ অনিশ্চিত বাংলাদেশের,294,137.0,0.13277777777777777,13.277777777777777
20047164,যুক্তরাষ্ট্র যাওয়া হলো না আইনজীবী শামীমের,293,138.0,0.1322222222222222,13.222222222222221
20046970,ফুটালে চলে যায় পানির ৯০ ভাগ মাইক্রোপ্লাস্টিক,293,138.0,0.1322222222222222,13.222222222222221
20191653,"

গর্জিয়াস গ্রুপের উদ্যোক্তা সম্মেলন ও সম্মাননা প্রদান অনুষ্ঠিত
",292,140.0,0.13166666666666665,13.166666666666666
20190649,"

কলাপাড়ায় অবহেলায় নষ্ট হচ্ছে ফেরি-পন্টুন, চুরি হচ্ছে যন্ত্রাংশ
",290,141.0,0.13055555555555556,13.055555555555557
20190988,"

গ্রেফতার ছাড়া মালয়েশিয়া থেকে অবৈধ প্রবাসীদের দেশে ফেরার সুযোগ
",289,142.0,0.13,13.0
20191533,"

রাস্তা সংস্কার ও পাকাকরণের দাবিতে জামালপুরে মানববন্ধন
",288,143.0,0.12944444444444445,12.944444444444445
20191858,"

চকরিয়ায় চাঁদা না দেয়ায় ঘর ও জমি দখলের পায়তারা, সংঘর্ষের আশঙ্কা
",287,144.0,0.1288888888888889,12.88888888888889
20191659,"

বরিশালে চরমোনাইর মাহফিল অনুষ্ঠিত, ৫ জনের মৃত্যু
",286,145.0,0.12833333333333333,12.833333333333332
20045854,মুক্তিযোদ্ধাকে অপমান করে ক্ষমা চাইলেন সেই চেয়ারম্যান,285,146.0,0.12777777777777777,12.777777777777777
20191118,"

৬ তলার জানালা ভেঙে  বের হলেন ভাগনে, নিচে পড়ে নিহত মামা
",283,147.0,0.12666666666666668,12.666666666666668
20045867,মানিকগঞ্জে বিএনপিপন্থি আইনজীবীদের নিরঙ্কুশ জয়,283,147.0,0.12666666666666668,12.666666666666668
20046957,সৈয়দপুরে ড্রেনের পানিতে দুর্ভোগে মহল্লাবাসী,281,149.0,0.12555555555555556,12.555555555555555
20191114,"

বেইলি রোডে অগ্নিকাণ্ডের ঘটনায় বিভিন্ন সংগঠনের শোক
",279,150.0,0.12444444444444444,12.444444444444445
20045888,আদালতের রায়কে ভুল দাবি পগবার করবেন আপিল,277,151.0,0.12333333333333334,12.333333333333334
20045822,নেপালকে হারিয়ে শুরু করতে চায় বাংলাদেশ,276,152.0,0.12277777777777778,12.277777777777779
20191452,"

রোববার থেকে প্রতি লিটার বোতলজাত সয়াবিন তেল ১৬৩ টাকা
",273,153.0,0.12111111111111111,12.11111111111111
20192101,"
ফরিদপুরে বুয়েট শিক্ষার্থী লামিশার দাফন 
মেয়ের বাঁচার আকুতি রাখতে পারেননি বাবা হারুন আনসারী ফরিদপুর
",271,154.0,0.12,12.0
20191097,"

 ন্যাটো ইউক্রেন সঙ্ঘাতের অংশ  হবে না : জার্মানি
",271,154.0,0.12,12.0
20045848,আনোয়ারায় বৃদ্ধাকে পেটালেন ইউপি সদস্য,268,156.0,0.11833333333333333,11.833333333333334
20190903,"

 টেকনাফের হ্নীলা সীমান্তের ওপারে  আবারো  গোলাগুলি ও বিস্ফোরণ
",267,157.0,0.11777777777777777,11.777777777777777
20191932,"

১৩০০ ভবন চিহ্নিত করেও ভাঙা সম্ভব হয়নি : শ ম রেজাউল 
",267,157.0,0.11777777777777777,11.777777777777777
20046966,সন্তানের অপেক্ষায় এক পিতার আহাজারি,267,157.0,0.11777777777777777,11.777777777777777
20192078,"

কারো অবহেলা থাকলে ব্যবস্থা নেয়া হবে : নাছিম
",266,160.0,0.11722222222222223,11.722222222222223
20191033,"

আমরা সব কিছু কড়ায় গণ্ডায় আদায় করে নেবো : মান্না
",265,161.0,0.11666666666666667,11.666666666666666
20190559,"

বাগাতিপাড়ায় এসএসসি পরীক্ষা দিচ্ছেন ৩ ইউপি সদস্য
",264,162.0,0.11611111111111111,11.61111111111111
20191567,"

ইবি শিক্ষার্থীদের ফি নিয়ে ছলচাতুরী, শিক্ষার্থীদের প্রতিবাদ
",263,163.0,0.11555555555555555,11.555555555555555
20045827,বাংলাদেশের বিপক্ষে মাঠে নামার আগে দুঃসংবাদ শ্রীলঙ্কার,263,163.0,0.11555555555555555,11.555555555555555
20047163,"বিএনপি ৫, আওয়ামী লীগ ৪",258,165.0,0.11277777777777778,11.277777777777779
20190780,"
মামুনুল হকের মুক্তি দাবি  
বাংলাদেশ খেলাফত মজলিসের দেশব্যাপী মানববন্ধন
",256,166.0,0.11166666666666666,11.166666666666666
20188912,"

‘রাজকুমার’ শেষে দেশে ফিরলেন শাকিব খান
",256,166.0,0.11166666666666666,11.166666666666666
20045845,"রাজশাহী বারের ফলাফল নিয়ে লুকোচুরি, ক্ষুব্ধ বিএনপিপন্থিরা",255,168.0,0.1111111111111111,11.11111111111111
20045891,বৈদ্যুতিক গাড়ি বিওয়াইডি’র শো-রুম উদ্বোধন করলেন সালমান এফ রহমান,255,168.0,0.1111111111111111,11.11111111111111
20044943,রিজার্ভ চুরি নিয়ে বাংলাদেশ ব্যাংকের মামলা চলবে,254,170.0,0.11055555555555556,11.055555555555555
20191439,"

ইরানে ৩৫ মিলিয়ন বিনিয়োগ করল তালেবান
",252,171.0,0.10944444444444444,10.944444444444445
20191710,"

নারায়ণগঞ্জে পিকনিকের বাস দুর্ঘটনায় নিহত ১, আহত ২২
",251,172.0,0.10888888888888888,10.888888888888888
20191365,"

বেইলি রোডে আগুনের ঘটনায় মামলা
",251,172.0,0.10888888888888888,10.888888888888888
20190891,"

 গুগলের বিরুদ্ধে মামলা ইউরোপের ১৩ দেশের ৩২টি মিডিয়াগোষ্ঠীর
",250,174.0,0.10833333333333334,10.833333333333334
20044932,‘প্রত্যাগত অভিবাসী কর্মীদের প্রশিক্ষণের বিকল্প নেই’,250,174.0,0.10833333333333334,10.833333333333334
20191318,"

ইসরাইলের ধ্বংস করা মসজিদে ফিলিস্তিনিদের নামাজ আদায়
",249,176.0,0.10777777777777778,10.777777777777779
20192130,"

সুশৃঙ্খলভাবে ভর্তি পরীক্ষা অনুষ্ঠিত হয়েছে : ঢাবি ভিসি
",247,177.0,0.10666666666666667,10.666666666666668
20045837,বিল তুলতে গিয়ে লাশ হলেন আসিফ,246,178.0,0.10611111111111111,10.61111111111111
20047104,নেপালকে হারিয়ে শুভ সূচনা বাংলাদেশের,246,178.0,0.10611111111111111,10.61111111111111
20191978,"

রাখাইনে পরাজিত হওয়ার পথে সরকারি বাহিনী!
",245,180.0,0.10555555555555556,10.555555555555555
20188955,"

ন্যাটোকে যুদ্ধের প্রস্তুতি নেয়ার পরামর্শ মার্কিন প্রতিরক্ষামন্ত্রীর
",245,180.0,0.10555555555555556,10.555555555555555
20191727,"

শ্রীলঙ্কা সিরিজ আলিসের বদলি জাকের
",244,182.0,0.105,10.5
20045875,পাকুন্দিয়ায় অগ্নিকাণ্ডে তিন সহোদর দগ্ধ,244,182.0,0.105,10.5
20190818,"

 ইমারত নির্মাণ বিধিমালা না মানায় অগ্নিকাণ্ডে এত হতাহত : ব্যারিস্টার তাপস
",243,184.0,0.10444444444444445,10.444444444444445
20191142,"

বিদেশী হস্তক্ষেপের অভিযোগে অস্ট্রেলিয়ায় প্রথম সাজা
",242,185.0,0.10388888888888889,10.38888888888889
20045792,ড. ইউনূসের মামলা দেশের ভেতর শীতল এক বার্তা দিচ্ছে: আলী রীয়াজ,241,186.0,0.10333333333333333,10.333333333333334
20191171,"

অনন্ত আম্বানির প্রিওয়েডিংয়ে রিহানা, পারিশ্রমিক ৫ মিলিয়ন ডলার!
",240,187.0,0.10277777777777777,10.277777777777777
20045877,"ভুট্টাবোঝাই ট্রাকে ফেনসিডিল, আটক ২",240,187.0,0.10277777777777777,10.277777777777777
20188907,"

তবুও শাবনূর-পপির অপেক্ষায় দর্শক
",240,187.0,0.10277777777777777,10.277777777777777
20045834,চার মাস পর মুক্তি পেলেন বিএনপি নেতা জহির উদ্দিন স্বপন,240,187.0,0.10277777777777777,10.277777777777777
20190687,"

 ঘিওরে বিদ্যালয়ের সীমানা প্রাচীর ভেঙে ফেলল দুর্বৃত্তরা
",239,191.0,0.10222222222222223,10.222222222222223
20045873,নোয়াখালীতে থানায় তরুণকে পেটানোর অভিযোগে এসআই ক্লোজড,238,192.0,0.10166666666666667,10.166666666666666
20045880,শিল্পার লড়াই,238,192.0,0.10166666666666667,10.166666666666666
20045872,ঈদযাত্রায় ট্রেন ও বগির সংখ্যা বাড়ানো হবে: রেলমন্ত্রী,238,192.0,0.10166666666666667,10.166666666666666
20191538,"

আফগান মাটি ব্যবহার করে পাকিস্তানে হামলা : টিটিপিকে সতর্কবার্তা তালেবানের
",238,192.0,0.10166666666666667,10.166666666666666
20045863,প্রাণ গেল বুয়েট শিক্ষার্থী লামিসার,235,196.0,0.1,10.0
20045831,সরকার পতনের লড়াই চালিয়ে যাওয়ার আহ্বান মান্নার,235,196.0,0.1,10.0
20045894,তানভীর আহমেদ এনভয় টেক্সটাইলস লিমিটেডের ব্যবস্থাপনা পরিচালক নির্বাচিত,235,196.0,0.1,10.0
20192062,"

মোগল আমলের মসজিদের সন্ধান মিলল মহাদেবপুরের হাতিমণ্ডলা গ্রামে
",235,196.0,0.1,10.0
20044940,আর্জেন্টিনার বিশ্বকাপজয়ী ফুটবলারের জার্সি-মেডেল বেচে দিলেন ডিভোর্সি স্ত্রী,234,200.0,0.09944444444444445,9.944444444444445
20045844,বাঁচার আকুতি জানিয়ে বাবাকে ফোন করেছিলেন রিয়া,233,201.0,0.09888888888888889,9.88888888888889
20044935,"সরকার জুলুম করতে পারে, জিনিসের দাম কমাতে পারে না: মান্না",232,202.0,0.09833333333333333,9.833333333333332
20191566,"

জামালপুরে যুবকের ঝুলন্ত লাশ উদ্ধার
",231,203.0,0.09777777777777778,9.777777777777779
20045835,জাতীয় বীমা দিবস ২০২৪ উদ্বোধন,230,204.0,0.09722222222222222,9.722222222222223
20191974,"

চট্টগ্রামে ২৩ দিনের বইমেলা শেষ, বিক্রি হলো কত টাকার বই?
",230,204.0,0.09722222222222222,9.722222222222223
20191036,"
হেলথ টিপস 
গুণে ভরা শজনে ডাঁটা
",230,204.0,0.09722222222222222,9.722222222222223
20191278,"

জাতীয় দলে ফেরার প্রসঙ্গে যা বললেন তামিম
",230,204.0,0.09722222222222222,9.722222222222223
20045826,আবাহনীর প্রতিশোধ না মেরিনার্সের টানা দ্বিতীয় শিরোপা,229,208.0,0.09666666666666666,9.666666666666666
20190926,"
অগ্নিঝরা মার্চ 
ঢাবি বটতলায় ওড়ে লাল-সবুজের পতাকা
",228,209.0,0.0961111111111111,9.61111111111111
20045836,মেয়েকে বিরিয়ানি খাওয়ানো হলো না মায়ের,228,209.0,0.0961111111111111,9.61111111111111
20045856,শ্রীপুরে বেতন বৃদ্ধির দাবিতে মহাসড়ক অবরোধ,227,211.0,0.09555555555555556,9.555555555555555
20045849,তাহিরপুরে ৫ মাস ধরে ভারসাম্যহীন শিশু নিখোঁজ,226,212.0,0.095,9.5
20191386,"

অভিশ্রুতি-বৃষ্টি বিতর্কের নিষ্পত্তির পর লাশ পেল পরিবার
",226,212.0,0.095,9.5
20045821,বেইলি রোডের অগ্নিকাণ্ডের ঘটনায় তামিম-মুশফিকদের শোক,225,214.0,0.09444444444444444,9.444444444444445
20045860,একমাত্র ছেলেকে হারিয়ে পাগলপ্রায় মা-বাবা,224,215.0,0.09388888888888888,9.388888888888888
20045803,মস্কো থেকে বিরল ঐক্যের ঘোষণা হামাস ও ফাতাহর,222,216.0,0.09277777777777778,9.277777777777779
20045868,রমজানে বিদ্যুৎ ব্যবস্থা স্বাভাবিক রাখতে চসিক’র সাবেক প্রশাসক সুজনের আহ্বান,221,217.0,0.09222222222222222,9.222222222222221
20191262,"

‘সরকার কোনো প্রকার গণশুনারী ছাড়াই অযৌক্তিকভাবে বিদ্যুতের দাম বৃদ্ধি করেছে’
",220,218.0,0.09166666666666666,9.166666666666666
20191705,"

গাজীপুরে ট্রেনে কাটা পড়ে পোশাক শ্রমিকসহ নিহত ২
",220,218.0,0.09166666666666666,9.166666666666666
20191773,"

চান্দিনায় স্বামীকে ভিডিও কলে রেখে গৃহবধূর আত্মহত্যা
",219,220.0,0.09111111111111111,9.11111111111111
20188961,"

 ইসরাইল থেকে কলম্বিয়ার সব ধরনের অস্ত্র কেনা বন্ধ
",218,221.0,0.09055555555555556,9.055555555555555
20191788,"

কেনিয়া ও হাইতির মধ্যে নিরাপত্তা চুক্তি স্বাক্ষর
",216,222.0,0.08944444444444444,8.944444444444443
20191338,"

আজ শেষ হচ্ছে অমর একুশে বইমেলা
",216,222.0,0.08944444444444444,8.944444444444443
20191243,"

কেনিয়া ও হাইতির মধ্যে নিরাপত্তা চুক্তি স্বাক্ষর
",215,224.0,0.08888888888888889,8.88888888888889
20045830,দুই মেয়ের জন্য খাবার নিয়ে ফেরা হলো না পম্পা সাহার,212,225.0,0.08722222222222223,8.722222222222223
20191805,"

বগুড়ায় প্রকাশ্যে যুবককে কুপিয়ে হত্যা
",212,225.0,0.08722222222222223,8.722222222222223
20191824,"

ইউক্রেন প্রশ্নে ইতালীর প্রধানমন্ত্রীর অবস্থানকে স্বাগত জানালেন বাইডেন
",211,227.0,0.08666666666666667,8.666666666666668
20190553,"

দুরারোগ্য ক্যান্সারে আক্রান্ত ফারাবী নতুন করে বাঁচতে চায় 
",211,227.0,0.08666666666666667,8.666666666666668
20190833,"

শেষ দিনও পাঠকের হাতে পত্রিকা তুলে দিয়েছেন লোকমান হেকিম
",211,227.0,0.08666666666666667,8.666666666666668
20190768,"

আত্রাইয়ে নিজস্ব অর্থায়নে রাস্তা সংস্কার
",209,230.0,0.08555555555555555,8.555555555555555
20045865,মেয়ের সঙ্গে শিক্ষক মায়ের করুণ মৃত্যু,208,231.0,0.085,8.5
20190800,"

 তাহসান ও ফারিন জানালেন কী হয়েছিল সে দিন
",207,232.0,0.08444444444444445,8.444444444444445
20192145,"

 দুমকিতে সরকারি খালে প্রভাবশালীদের মাছের ঘের
",207,232.0,0.08444444444444445,8.444444444444445
20191007,"
অধ্যক্ষের বিরুদ্ধে দলীয়করণের অভিযোগ 
কাহালু সরকারি কলেজের সুবর্ণজয়ন্তী ও নবীনবরণ কেন্দ্র করে উত্তেজনা
",205,234.0,0.08333333333333333,8.333333333333332
20191107,"

 চট্টগ্রামে নির্মাণাধীন হিমাগারে ভয়াবহ অগ্নিকাণ্ড
",204,235.0,0.08277777777777778,8.277777777777779
20191289,"

আফগানিস্তানে পোশাক বিধি লঙ্ঘন করলে গণমাধ্যমে নিষিদ্ধ হবেন নারীরা
",202,236.0,0.08166666666666667,8.166666666666666
20191945,"

ক্রিকেটকে ছড়িয়ে দিতে ভারত-পাকিস্তানই ভরসা : ক্রিস গেইল
",199,237.0,0.08,8.0
20191314,"

গাজায় আকাশ থেকে ত্রাণ ফেলার ঘোষণা বাইডেনের
",199,237.0,0.08,8.0
20192097,"

শপথ নিলেন ৭ প্রতিমন্ত্রী
",199,237.0,0.08,8.0
20191553,"

‘লোহিত সাগরে নতুন চমক দেখাবে হাউছিরা’
",198,240.0,0.07944444444444444,7.944444444444445
20047161,একুশে বইমেলা শেষ হচ্ছে আজ,197,241.0,0.07888888888888888,7.888888888888888
20045828,"‘ইউরোপে এটা স্বাভাবিক’, অশ্লীল অঙ্গভঙ্গি নিয়ে রোনালদো",197,241.0,0.07888888888888888,7.888888888888888
20045838,‘নরসিংদীর আঞ্চলিক শব্দকোষ’ গ্রন্থের মোড়ক উন্মোচন,197,241.0,0.07888888888888888,7.888888888888888
20191542,"

ইসরাইলি গণহত্যায় সবুজ সংকেত দিয়েছে যুক্তরাষ্ট্র : ইলহান ওমর
",195,244.0,0.07777777777777778,7.777777777777778
20045820,"বিপিএল-এ নতুন ইতিহাস, ৬৪ দেশে সম্প্রচার হয়েছে ফাইনাল",194,245.0,0.07722222222222222,7.722222222222222
20045801,মিজানুল হক লিটনের রুহের মাগফিরাত কামনায় দোয়া মাহফিল,193,246.0,0.07666666666666666,7.666666666666666
20190598,"

নিষেধাজ্ঞার রায়ে বিস্মিত পগবা
",193,246.0,0.07666666666666666,7.666666666666666
20191699,"

গাজীপুরে অতিরিক্ত মদপানে ২ জনের মৃত্যু
",193,246.0,0.07666666666666666,7.666666666666666
20191941,"

ফরিদপুরে ট্রাকচাপায় পাঠাও-চালক নিহত, সহকর্মীদের ক্ষোভ
",190,249.0,0.075,7.5
20190612,"

দুই ভাইয়ের গোলে ফাইনালে বিলবাও
",190,249.0,0.075,7.5
20190693,"

কুয়াকাটা সৈকতে অনুষ্ঠিত হলো বিচ হাফ ম্যারাথন
",189,251.0,0.07444444444444444,7.444444444444444
20188966,"

ইতিহাসের সবচেয়ে বড় দাবানলে জ্বলছে টেক্সাস
",189,251.0,0.07444444444444444,7.444444444444444
20190853,"

ডিজিটাল পেমেন্ট সমাধানে স্ট্যান্ডার্ড চার্টার্ড ব্যাংক ও শপঅ্যাপের চুক্তি
",187,253.0,0.07333333333333333,7.333333333333333
20191401,"

অগ্নিকাণ্ড রোধে রাজউক ও গণপূর্ত মন্ত্রণালয়ের আরো সতর্ক হওয়া উচিত : স্বাস্থ্যমন্ত্রী
",187,253.0,0.07333333333333333,7.333333333333333
20191733,"

সব মুক্তিযোদ্ধার কবর একইরকম হবে : মুক্তিযুদ্ধবিষয়ক মন্ত্রী
",186,255.0,0.07277777777777777,7.277777777777778
20191899,"

যশোরে অস্ত্রসহ ‘কিশোর গ্যাং’য়ের ৯ সদস্য আটক
",185,256.0,0.07222222222222222,7.222222222222221
20189003,"

প্রশ্নোত্তর
",184,257.0,0.07166666666666667,7.166666666666667
20045858,সীমান্তে ফের গোলাগুলির বিকট শব্দ,184,257.0,0.07166666666666667,7.166666666666667
20046959,বন্দরে রান্নার সিরিয়াল নিয়ে গৃহবধূকে কুপিয়ে হত্যা,183,259.0,0.07111111111111111,7.111111111111111
20046965,প্রতিমন্ত্রী হলেন আরও ৭ জন,183,259.0,0.07111111111111111,7.111111111111111
20191403,"

মার্কিন বাহিনী হাউছিদের মিসাইল ধ্বংস করেছে : সেন্টকম
",178,261.0,0.06833333333333333,6.833333333333333
20045870,পাকুন্দিয়ায় শিক্ষক-ইমাম ও খতিবদের সঙ্গে মতবিনিময়,177,262.0,0.06777777777777778,6.777777777777779
20045853,চরভদ্রাসনে সরকারি জায়গা দখল করে দোকান নির্মাণ,177,262.0,0.06777777777777778,6.777777777777779
20046969,বেইলি রোডে আগুনে নিহত ৪৩ জনের লাশ বুঝে পেলেন স্বজনরা,177,262.0,0.06777777777777778,6.777777777777779
20044945,লন্ডনে সম্পদের কথা স্বীকার করলেন সাবেক ভূমিমন্ত্রী জাভেদ,175,265.0,0.06666666666666667,6.666666666666667
20045797,বেইলি রোডে আগুনে নিহত সেই শিশুটির পরিচয় মিলেছে,175,265.0,0.06666666666666667,6.666666666666667
20190883,"

 একমাত্র ছেলেকে হারিয়ে পাগলপ্রায় বাবা-মা
",174,267.0,0.0661111111111111,6.611111111111111
20045799,"শয্যাসঙ্গী হওয়ার প্রস্তাব, মুখ খুললেন অভিনেত্রী",174,267.0,0.0661111111111111,6.611111111111111
20192024,"

চট্টগ্রাম বিমানবন্দরে ২.২২৮ কেজি স্বর্ণ জব্দ, ২ যাত্রী আটক
",173,269.0,0.06555555555555556,6.555555555555556
20045798,বাংলাদেশকে এখন কেউ অবহেলা করতে পারে না: প্রধানমন্ত্রী,173,269.0,0.06555555555555556,6.555555555555556
20192057,"

বিশ্বে সবচেয়ে দূষিত ঢাকার বাতাস
",173,269.0,0.06555555555555556,6.555555555555556
20047101,প্রধানমন্ত্রী নির্বাচনে মনোনয়নপত্র জমা দিয়েছেন শেহবাজ ও ওমর আইয়ুব,172,272.0,0.065,6.5
20190546,"

রমজানকে সামনে রেখে চুয়াডাঙ্গার ৭ প্রতিষ্ঠানকে জরিমানা
",172,272.0,0.065,6.5
20190976,"

ছাত্রদলের নতুন সভাপতি রাকিব, সম্পাদক নাসির
",172,272.0,0.065,6.5
20045811,‘গণমাধ্যমের বিকাশ ও স্বাধীনতা ছাড়া গণতন্ত্র পূর্ণতা পায় না’,171,275.0,0.06444444444444444,6.444444444444445
20044944,ইরাকি ভূখণ্ডে হামলা চালানোর জন্য ক্ষমা চাইলো যুক্তরাষ্ট্র,171,275.0,0.06444444444444444,6.444444444444445
20191907,"

চীন থেকে পাকিস্তানগামী জাহাজকে ‘সামরিক-গ্রেড আইটেম’ বহনে বাধা দিলো ভারত
",170,277.0,0.06388888888888888,6.388888888888888
20189035,"
গল্পকথা 
রিশা রাফির দিনগুলো
",170,277.0,0.06388888888888888,6.388888888888888
20045879,তাহসান-ফারিণ জানালেন কী হয়েছিল সেদিন,169,279.0,0.06333333333333334,6.333333333333334
20190664,"
চক্ষু চিকিৎসাসেবা শুরু 
ভাণ্ডারিয়ার উন্নয়নে সবাইকে এক হয়ে কাজ করতে হবে : তোফাজ্জল হোসেন
",168,280.0,0.06277777777777778,6.277777777777778
20191422,"

গাজায় আগ্রাসন ‘নারীদের বিরুদ্ধেও একটি যুদ্ধ’ : জাতিসঙ্ঘ
",168,280.0,0.06277777777777778,6.277777777777778
20191044,"

ঝালকাঠিতে স্ত্রীর যৌতুক মামলায় এএসআই জেলহাজতে
",167,282.0,0.06222222222222222,6.222222222222222
20045825,মহান স্বাধীনতার মাস উপলক্ষে রংপুরে গল্‌ফ টুর্নামেন্ট শুরু,165,283.0,0.06111111111111111,6.111111111111111
20044936,ফখরুলের সঙ্গে গণতন্ত্র মঞ্চ ও ১২ দলের বৈঠক,163,284.0,0.06,6.0
20190838,"

 ভাষা ও সাহিত্যের ওপর সিএনসির মাসব্যাপী আলোচনা সমাপ্ত
",163,284.0,0.06,6.0
20045847,সন্তান ও স্বজনদের বাঁচিয়ে মারা গেলেন এশা,162,286.0,0.059444444444444446,5.944444444444445
20190750,"
কালীগঞ্জ সাংবাদিক ইউনিয়ন 
ওমর ফারুক সভাপতি আশরাফুল হক সাধারণ সম্পাদক
",161,287.0,0.058888888888888886,5.888888888888888
20192048,"

বিদ্যুৎ-গ্যাসের অযৌক্তিক মূল্যবৃদ্ধির প্রতিবাদে নারায়ণগঞ্জে জামায়াতের বিক্ষোভ
",159,288.0,0.057777777777777775,5.777777777777778
20045881,বিয়ে করলেন মিলন,159,288.0,0.057777777777777775,5.777777777777778
20191952,"

দেশে মোট ভোটার ১২ কোটি সাড়ে ১৮ লাখ
",158,290.0,0.05722222222222222,5.722222222222222
20046962,জীবনের শেষদিনও পাঠকের হাতে পত্রিকা তুলে দিয়েছেন হেকিম চৌধুরী,157,291.0,0.056666666666666664,5.666666666666666
20191474,"

তরুণদের জন্যে সামাজিক যোগাযোগ মাধ্যম নিষিদ্ধ : ফ্লোরিডার গভর্নর
",156,292.0,0.05611111111111111,5.611111111111111
20191091,"
জামায়াতের শোক 
কারাবন্দী এটিএম আজহারুল ইসলামের স্ত্রীর ইন্তেকাল
",154,293.0,0.055,5.5
20191545,"

ফতুল্লায় ইজিবাইকের ধাক্কায় নিহত কিশোরের পরিচয় খুঁজছে পুলিশ
",153,294.0,0.05444444444444444,5.444444444444444
20045805,রাজউক ও গণপূর্তকে সতর্ক হওয়ার আহ্বান স্বাস্থ্যমন্ত্রীর,151,295.0,0.05333333333333334,5.333333333333334
20191344,"

বেইলি রোডের অগ্নিকাণ্ড : স্ত্রী-সন্তানসহ প্রাণ হারালেন উখিয়ার শাহজালাল
",151,295.0,0.05333333333333334,5.333333333333334
20190699,"

 কালুরঘাটে কর্ণফুলী রেলওয়ে নতুন সেতু প্রকল্প আরো একধাপ এগিয়েছে
",149,297.0,0.052222222222222225,5.222222222222222
20045800,"মংডুর কাছে গোলাগুলি-বিষ্ফোরণ, আতঙ্কে সীমান্তের বাসিন্দা",148,298.0,0.051666666666666666,5.166666666666667
20191088,"

পাকিস্তান জাতীয় পরিষদের নতুন স্পিকার আয়াজ সাদিক
",148,298.0,0.051666666666666666,5.166666666666667
20192492,"

রমজানের আগে ভিক্ষুকদের জন্য যে সতর্কবার্তা দিলো দুবাই
",148,298.0,0.051666666666666666,5.166666666666667
20191509,"

গাজায় ‘দুর্ভিক্ষ প্রায় অনিবার্য’ : জাতিসঙ্ঘ
",148,298.0,0.051666666666666666,5.166666666666667
20188900,"

সেপ্টেম্বরেই মা-বাবা হচ্ছেন রণবীর-দীপিকা
",147,302.0,0.051111111111111114,5.111111111111112
20045869,৬ মাসেও খোঁজ মেলেনি সোলেমানের,146,303.0,0.050555555555555555,5.055555555555555
20191766,"

রোববার কায়রোতে ইসরাইল-হামাসের বৈঠক
",145,304.0,0.05,5.0
20191146,"

খুশি করতে মার্কিন ব্যবসায়ী গ্রুপের সাথে চীনা প্রধানমন্ত্রীর বৈঠক
",145,304.0,0.05,5.0
20191962,"

বাগাতিপাড়ায় মোবাইল কিনে না দেয়ায় শিক্ষার্থীর আত্মহত্যা
",143,306.0,0.04888888888888889,4.888888888888889
20191082,"

 রাজধানীর অগ্নিকাণ্ডে কাঁঠালিয়ার ১ জনের মৃত্যু
",143,306.0,0.04888888888888889,4.888888888888889
20045793,দাউদকান্দিতে ভোটার দিবস পালিত,142,308.0,0.04833333333333333,4.833333333333333
20191640,"

আশুলিয়ায় ঝুটের গোডাউনে আগুন
",139,309.0,0.04666666666666667,4.666666666666667
20191327,"

ট্রাকের ধাক্কায় অটোরিকশার ২ যাত্রী নিহত
",139,309.0,0.04666666666666667,4.666666666666667
20190594,"

গ্রিন-হ্যাজেলউডের শতরানের জুটি
",139,309.0,0.04666666666666667,4.666666666666667
20045871,নওগাঁয় আগুনে পুড়ে নিহত ১,138,312.0,0.04611111111111111,4.611111111111111
20192034,"

নতুন ট্রেনার পেলেন লিটন-শান্তরা
",138,312.0,0.04611111111111111,4.611111111111111
20045807,বেইলি রোডে অগ্নিকাণ্ডের ঘটনায় পুলিশের মামলা,137,314.0,0.04555555555555556,4.555555555555555
20190500,"

উড়ন্ত কাঠবিড়ালি ওড়ে না
",137,314.0,0.04555555555555556,4.555555555555555
20191814,"

বেইলি রোডে আগুন : চারজন রিমান্ডে
",136,316.0,0.045,4.5
20191991,"

সোমবার পাকিস্তানের নতুন প্রধানমন্ত্রীকে শপথ পড়াবেন রাষ্ট্রপতি
",135,317.0,0.044444444444444446,4.444444444444445
20045850,ধলেশ্বরী থেকে যুবকের মরদেহ উদ্ধার,135,317.0,0.044444444444444446,4.444444444444445
20044934,বেইলি রোডে আগুনে প্রাণহানির ঘটনায় মোদির শোক,135,317.0,0.044444444444444446,4.444444444444445
20045851,বিয়ানীবাজারে গণপিটুনিতে চোর নিহত,135,317.0,0.044444444444444446,4.444444444444445
20188954,"

সেনেগাল উপকূলে অভিবাসীবাহী নৌকাডুবি, মৃত ২০
",135,317.0,0.044444444444444446,4.444444444444445
20045876,শিবগঞ্জে ভ্যানচালকের লাশ উদ্ধার,134,322.0,0.04388888888888889,4.388888888888888
20190811,"

শুধু শিক্ষিত নয়, প্রয়োজন ভালো মানুষ হওয়া : ইসি আলমগীর
",134,322.0,0.04388888888888889,4.388888888888888
20191911,"

ফিলিস্তিনি বন্দীকে বুলডোজার চালিয়ে হত্যা করল ইসরাইলি বাহিনী
",132,324.0,0.042777777777777776,4.277777777777778
20190711,"

 ঘাটাইলে ড্রাম ট্রাক বন্ধের দাবিতে মানববন্ধন 
",131,325.0,0.042222222222222223,4.222222222222222
20190668,"

ডিমলায় শেখ রাসেল মিনি স্টেডিয়াম উদ্বোধন
",131,325.0,0.042222222222222223,4.222222222222222
20191626,"

ইসরাইলকে ঐক্যবদ্ধভাবে প্রতিহত করার প্রতিশ্রুতি দিলো হামাস ও ফাতাহ
",130,327.0,0.041666666666666664,4.166666666666666
20191485,"

পাকিস্তানের প্রেসিডেন্ট নির্বাচন : জারদারির বিরুদ্ধে আচাকজাইকে প্রার্থী করলেন ইমরান
",128,328.0,0.04055555555555555,4.055555555555555
20046967,ছোট পর্দায় আজকের খেলা,128,328.0,0.04055555555555555,4.055555555555555
20045791,বার্ন হাসপাতালে আহতদের চিকিৎসায় স্বাস্থ্যমন্ত্রীকে প্রধান করে বোর্ড গঠন,126,330.0,0.03944444444444444,3.944444444444444
20044941,নয়াপল্টনে ছাত্রদলের নবগঠিত কমিটির মিছিল,125,331.0,0.03888888888888889,3.888888888888889
20046958,খানসামায় গাঁজাসহ ৩ মাদক ব্যবসায়ী আটক,124,332.0,0.03833333333333333,3.833333333333333
20191922,"

মির্জা ফখরুলের সাথে গণতন্ত্র মঞ্চ ও ১২ দলের বৈঠক
",123,333.0,0.03777777777777778,3.7777777777777777
20192425,"

তুরস্কের কাছে এফ-১৬ বিক্রির সিদ্ধান্তে অটল যুক্তরাষ্ট্র
",123,333.0,0.03777777777777778,3.7777777777777777
20190776,"

বেইলি রোডে আগুনে মারা গেল নারায়ণগঞ্জের শান্ত
",122,335.0,0.03722222222222222,3.722222222222222
20191470,"

ওদেসার খারকিভে রুশ ড্রোন হামলায় ২ জন নিহত
",122,335.0,0.03722222222222222,3.722222222222222
20191152,"

'ওয়ার্ক সিক্রেটস' অন্তর্ভুক্ত হলো স্টেট সিক্রেটসে
",122,335.0,0.03722222222222222,3.722222222222222
20190676,"

নারায়ণগঞ্জে স্ত্রী হত্যার ২৪ বছর পর স্বামীর মৃত্যুদণ্ড
",121,338.0,0.03666666666666667,3.6666666666666665
20190859,"

ড্যাফোডিল ভার্সিটির সাথে সম্পর্ক স্থাপনে আগ্রহী ইউকে প্রতিনিধিদল
",121,338.0,0.03666666666666667,3.6666666666666665
20045841,জগন্নাথপুরে ভারতীয় পিয়াজসহ ব্যবসায়ী আটক,121,338.0,0.03666666666666667,3.6666666666666665
20045846,সাংবাদিক তুষারের বাড়িতে শোকের মাতম,121,338.0,0.03666666666666667,3.6666666666666665
20190543,"

  তিতাসের কানাইনগরে মুক্তিযোদ্ধা আফাজ উদ্দিনের বাড়িতে দোয়া মাহফিল
",117,342.0,0.034444444444444444,3.4444444444444446
20191295,"

সারাদেশে অপরিবর্তিত থাকবে দিন ও বাড়বে রাতের তাপমাত্রা
",117,342.0,0.034444444444444444,3.4444444444444446
20191217,"

আজ সারা দেশে বিঘ্নিত হবে ইন্টারনেট সেবা
",117,342.0,0.034444444444444444,3.4444444444444446
20191588,"

এবার গাউসুল আজম মার্কেটে আগুন, নিয়ন্ত্রণে আনলো ফায়ার সার্ভিস
",117,342.0,0.034444444444444444,3.4444444444444446
20192004,"

বেইলি রোডে আগুন : পরিচয় মিলেছে মর্গে পড়ে থাকা সেই শিশুর
",116,346.0,0.03388888888888889,3.3888888888888893
20191614,"

মহাদেবপুরে মানসিক প্রতিবন্ধী যুবকের লাশ উদ্ধার
",116,346.0,0.03388888888888889,3.3888888888888893
20191517,"

নুরে আলী আখতারের বাবা হলেন শোয়েব আখতার
",114,348.0,0.03277777777777778,3.277777777777778
20189041,"
চী ন  দে শে র  রূ প ক থা 
নয় মাথাওয়ালা বাজপাখি
",114,348.0,0.03277777777777778,3.277777777777778
20190589,"

লিয়ন চারটি ও হ্যাজেলউড দু’টি উইকেট নেন। 
",111,350.0,0.03111111111111111,3.111111111111111
20191804,"

পেকুয়ায় ভয়াবহ অগ্নিকাণ্ডে ৫টি বসতবাড়ি পুড়ে ছাই
",110,351.0,0.030555555555555555,3.0555555555555554
20192478,"

জামালগঞ্জ-সাচনাবাজার নদী পারাপারে জনদুর্ভোগ নিরসনে মানববন্ধন
",110,351.0,0.030555555555555555,3.0555555555555554
20045794,"পূর্বাচলে আন্ডারপাসে দুর্ঘটনায় বাস, আহত ২২",109,353.0,0.03,3.0
20191389,"

ব্রাজিলে ডেঙ্গু জ্বরে আক্রান্তের সংখ্যা ১০ লাখ ছাড়িয়েছে
",108,354.0,0.029444444444444443,2.944444444444444
20188934,"

 কানাডার সাবেক প্রধানমন্ত্রী ব্রায়ান মুলরোনি আর নেই
",108,354.0,0.029444444444444443,2.944444444444444
20190635,"

আইরিশদের ঐতিহাসিক জয়
",107,356.0,0.028888888888888888,2.888888888888889
20047103,দেশে ভোটার এখন ১২ কোটি ১৮ লাখ ৫০ হাজার,106,357.0,0.028333333333333332,2.833333333333333
20190580,"

আজ বাংলাদেশের নেপাল বাধা
",106,357.0,0.028333333333333332,2.833333333333333
20044937,অপুষ্টির কারণে মৃত্যুর ঝুঁকিতে হাজার হাজার ফিলিস্তিনি,105,359.0,0.027777777777777776,2.7777777777777777
20191282,"

ডিএমপির অভিযানে গ্রেফতার ৬৪
",105,359.0,0.027777777777777776,2.7777777777777777
20190843,"

বীমা দিবসে ভাণ্ডারিয়ায় আকিজ তাকাফুল লাইফ ইন্স্যুরেন্সের র‌্যালি 
",104,361.0,0.02722222222222222,2.722222222222222
20045809,আজ সারা দেশে বিঘ্নিত হতে পারে ইন্টারনেট সেবা,101,362.0,0.025555555555555557,2.555555555555556
20190646,"

সোনারগাঁওয়ে শিক্ষার্থীদের মধ্যে স্কুল ব্যাগ বিতরণ
",97,363.0,0.023333333333333334,2.3333333333333335
20045789,নির্বাচনে কারচুপির অভিযোগ তুলে লাহোরে চলছে পিটিআই’র বিক্ষোভ,96,364.0,0.02277777777777778,2.2777777777777777
20191500,"

বেলাবতে যাবজ্জীবন সাজাপ্রাপ্ত আসামি গ্রেফতার
",95,365.0,0.022222222222222223,2.2222222222222223
20190714,"

 নন্দীগ্রামে সরিষা ক্ষেত থেকে উদ্ধার হওয়া লাশের পরিচয় পাওয়া গেছে
",95,365.0,0.022222222222222223,2.2222222222222223
20045855,চট্টগ্রামে এস আলমের নির্মাণাধীন কোল্ড স্টোরেজে আগুন,95,365.0,0.022222222222222223,2.2222222222222223
20191303,"

নোয়াখালীতে তাফসীরুল কুরআন মাহফিল অনুষ্ঠিত
",91,368.0,0.02,2.0
20045857,বাউফলে পানিতে ডুবে শিশুর মৃত্যু,88,369.0,0.018333333333333333,1.8333333333333333
20192118,"

ধামরাইয়ে জাতীয় বীমা দিবসে আলোচনা সভা ও  র‌্যালি
",85,370.0,0.016666666666666666,1.6666666666666667
20045852,তারাকান্দায় সাজাপ্রাপ্ত আসামি গ্রেপ্তার,85,370.0,0.016666666666666666,1.6666666666666667
20045883,৩ শব্দ বলেই ৫ কোটি,83,372.0,0.015555555555555555,1.5555555555555556
20190653,"

শৈলকুপায় ১৩ মাদক মামলার আসামি গ্রেফতার
",82,373.0,0.015,1.5
20192136,"

 চকরিয়ায় আগুনে ৭ বসতঘর ভস্মীভূত
",78,374.0,0.012777777777777779,1.277777777777778
20190743,"

মিরসরাই প্রেস ক্লাবের কাশ্মীর আহ্বায়ক আলম সচিব
",78,374.0,0.012777777777777779,1.277777777777778
20191604,"

বেইলি রোডে আগুনের ঘটনায় মোদির শোক
",78,374.0,0.012777777777777779,1.277777777777778
20192471,"

শৈলকুপায় মাঠ থেকে রসুন চুরি
",77,377.0,0.012222222222222223,1.2222222222222223
20046956,বর্ণবাদের গল্প,77,377.0,0.012222222222222223,1.2222222222222223
20045806,আজ রাজধানীর যেসব এলাকায় ৮ ঘণ্টা গ্যাস থাকবে না,77,377.0,0.012222222222222223,1.2222222222222223
20192497,"

আল কুরআনের বাণী
",76,380.0,0.011666666666666667,1.1666666666666667
20045795,রোববার দেশে ফিরবেন মেজর হাফিজ,75,381.0,0.011111111111111112,1.1111111111111112
20191589,"

গাজায় ইসরাইলি হামলায় নিহতের সংখ্যা ৩০ হাজার ৩২০ জন
",74,382.0,0.010555555555555556,1.0555555555555556
20192107,"

বুড়িচংয়ে জাতীয় বীমা দিবস উদযাপন
",73,383.0,0.01,1.0
20189037,"
জানা-অজানা 
পাখি কোথায় বাসা তৈরি করে
",72,384.0,0.009444444444444445,0.9444444444444444
20190592,"

বিপিএল ফাইনাল নিয়ে বায়ার্নের স্ট্যাটাস
",72,384.0,0.009444444444444445,0.9444444444444444
20190955,"

হেঁটে বেড়ানো নতুন মাছ
",72,384.0,0.009444444444444445,0.9444444444444444
20045887,আনন্দ আয়োজন,71,387.0,0.008888888888888889,0.8888888888888888
20045886,ফেরার বার্তা,65,388.0,0.005555555555555556,0.5555555555555556
20045884,নতুন প্লে-ব্যাকে মমতাজ,65,388.0,0.005555555555555556,0.5555555555555556
20189027,"

ইতিহাসে আজ
",60,390.0,0.002777777777777778,0.2777777777777778
20191409,"

রাশিয়া ইয়ার্স ক্ষেপণাস্ত্র উৎক্ষেপণের বিষয়টি যুক্তরাষ্ট্রকে অবহিত করেছে : পেন্টাগন
",60,390.0,0.002777777777777778,0.2777777777777778
20190723,"

 বালিয়াডাঙ্গীর কাজিবস্তী মসজিদের দান বাক্সের টাকা চুরি
",56,392.0,0.0005555555555555556,0.05555555555555555
20189009,"

হাদিসের কথা
",55,393.0,0.0,0.0
20190584,"

সিলেটে দলের সাথে অ্যাডামস
",55,393.0,0.0,0.0
